Date,Price
2010-01-01,78.29
2010-01-04,77.83
2010-01-05,77.85
2010-01-06,77.655
2010-01-07,78.105
2010-01-08,77.655
2010-01-11,77.16
2010-01-12,77.12
2010-01-13,76.99
2010-01-14,76.885
2010-01-15,77.48
2010-01-18,77.205
2010-01-19,77.65
2010-01-20,78.5
2010-01-21,78.515
2010-01-22,78.43
2010-01-25,78.35
2010-01-26,78.61
2010-01-27,78.87
2010-01-28,79.1
2010-01-29,79.65
2010-02-01,79.42
2010-02-02,79.18
2010-02-03,79.55
2010-02-04,80.075
2010-02-05,80.595
2010-02-08,80.44
2010-02-09,79.99
2010-02-10,80.14
2010-02-11,80.1
2010-02-12,80.41
2010-02-15,80.435
2010-02-16,79.755
2010-02-17,80.475
2010-02-18,80.465
2010-02-19,80.72
2010-02-22,80.585
2010-02-23,80.91
2010-02-24,80.915
2010-02-25,80.86
2010-02-26,80.44
2010-03-01,80.705
2010-03-02,80.575
2010-03-03,80.02
2010-03-04,80.585
2010-03-05,80.46
2010-03-08,80.455
2010-03-09,80.605
2010-03-10,80.465
2010-03-11,80.315
2010-03-12,79.84
2010-03-15,80.175
2010-03-16,79.995
2010-03-17,79.85
2010-03-18,80.44
2010-03-19,80.975
2010-03-22,80.883
2010-03-23,81.118
2010-03-24,82.106
2010-03-25,82.405
2010-03-26,81.978
2010-03-29,81.624
2010-03-30,81.738
2010-03-31,81.291
2010-04-01,80.972
2010-04-02,81.444
2010-04-05,81.254
2010-04-06,81.57
2010-04-07,81.612
2010-04-08,81.701
2010-04-09,81.241
2010-04-12,80.692
2010-04-13,80.625
2010-04-14,80.291
2010-04-15,80.585
2010-04-16,80.944
2010-04-19,81.105
2010-04-20,81.141
2010-04-21,81.266
2010-04-22,81.682
2010-04-23,81.498
2010-04-26,81.615
2010-04-27,82.31
2010-04-28,82.535
2010-04-29,82.161
2010-04-30,81.991
2010-05-03,82.399
2010-05-04,83.421
2010-05-05,84.2
2010-05-06,85.047
2010-05-07,84.659
2010-05-10,84.335
2010-05-11,84.613
2010-05-12,84.967
2010-05-13,85.342
2010-05-14,86.231
2010-05-17,86.377
2010-05-18,87.315
2010-05-19,86.54
2010-05-20,85.706
2010-05-21,85.537
2010-05-24,86.337
2010-05-25,86.888
2010-05-26,87.244
2010-05-27,86.282
2010-05-28,86.582
2010-05-31,86.67
2010-06-01,86.725
2010-06-02,86.877
2010-06-03,87.214
2010-06-04,88.315
2010-06-07,88.463
2010-06-08,88.473
2010-06-09,87.935
2010-06-10,87.166
2010-06-11,87.517
2010-06-14,86.504
2010-06-15,86.29
2010-06-16,86.386
2010-06-17,85.982
2010-06-18,85.976
2010-06-21,86.239
2010-06-22,86.408
2010-06-23,86.048
2010-06-24,86.017
2010-06-25,85.579
2010-06-28,85.922
2010-06-29,86.34
2010-06-30,86.281
2010-07-01,84.984
2010-07-02,84.67
2010-07-05,84.862
2010-07-06,84.306
2010-07-07,84.038
2010-07-08,84.036
2010-07-09,84.152
2010-07-12,84.407
2010-07-13,83.821
2010-07-14,83.598
2010-07-15,82.743
2010-07-16,82.658
2010-07-19,82.705
2010-07-20,82.929
2010-07-21,83.593
2010-07-22,82.782
2010-07-23,82.629
2010-07-26,82.242
2010-07-27,82.328
2010-07-28,82.31
2010-07-29,81.754
2010-07-30,81.655
2010-08-02,81.055
2010-08-03,80.684
2010-08-04,80.992
2010-08-05,80.93
2010-08-06,80.496
2010-08-09,80.789
2010-08-10,80.924
2010-08-11,82.428
2010-08-12,82.767
2010-08-13,83.038
2010-08-16,82.635
2010-08-17,82.324
2010-08-18,82.31
2010-08-19,82.54
2010-08-20,83.16
2010-08-23,83.228
2010-08-24,83.206
2010-08-25,83.331
2010-08-26,82.983
2010-08-27,82.968
2010-08-30,83.226
2010-08-31,83.254
2010-09-01,82.549
2010-09-02,82.501
2010-09-03,82.124
2010-09-06,82.07
2010-09-07,82.844
2010-09-08,82.58
2010-09-09,82.69
2010-09-10,82.701
2010-09-13,82.092
2010-09-14,81.339
2010-09-15,81.751
2010-09-16,81.501
2010-09-17,81.641
2010-09-20,81.582
2010-09-21,80.673
2010-09-22,80.064
2010-09-23,80.247
2010-09-24,79.599
2010-09-27,79.554
2010-09-28,79.212
2010-09-29,78.905
2010-09-30,78.938
2010-10-01,78.313
2010-10-04,78.658
2010-10-05,77.967
2010-10-06,77.62
2010-10-07,77.642
2010-10-08,77.563
2010-10-11,77.664
2010-10-12,77.588
2010-10-13,77.287
2010-10-14,76.881
2010-10-15,77.268
2010-10-18,77.137
2010-10-19,78.421
2010-10-20,77.414
2010-10-21,77.634
2010-10-22,77.685
2010-10-25,77.303
2010-10-26,77.91
2010-10-27,78.377
2010-10-28,77.503
2010-10-29,77.457
2010-11-01,77.481
2010-11-02,76.892
2010-11-03,76.623
2010-11-04,76
2010-11-05,76.691
2010-11-08,77.164
2010-11-09,77.584
2010-11-10,77.77
2010-11-11,78.356
2010-11-12,78.231
2010-11-15,78.673
2010-11-16,79.333
2010-11-17,79.21
2010-11-18,78.729
2010-11-19,78.594
2010-11-22,78.768
2010-11-23,79.762
2010-11-24,79.939
2010-11-25,79.695
2010-11-26,80.433
2010-11-29,80.902
2010-11-30,81.271
2010-12-01,80.762
2010-12-02,80.336
2010-12-03,79.407
2010-12-06,79.599
2010-12-07,79.864
2010-12-08,80.008
2010-12-09,80.085
2010-12-10,80.066
2010-12-13,79.64
2010-12-14,79.69
2010-12-15,80.582
2010-12-16,80.549
2010-12-17,80.752
2010-12-20,80.972
2010-12-21,81.069
2010-12-22,81.073
2010-12-23,80.832
2010-12-24,80.827
2010-12-27,80.679
2010-12-28,80.67
2010-12-29,80.102
2010-12-30,79.798
2010-12-31,79.288
2011-01-03,79.384
2011-01-04,79.699
2011-01-05,80.538
2011-01-06,81.093
2011-01-07,81.321
2011-01-10,81.163
2011-01-11,81.135
2011-01-12,80.25
2011-01-13,79.406
2011-01-14,79.366
2011-01-17,79.51
2011-01-18,79.16
2011-01-19,78.811
2011-01-20,78.984
2011-01-21,78.37
2011-01-24,78.193
2011-01-25,78.145
2011-01-26,78.035
2011-01-27,77.854
2011-01-28,78.28
2011-01-31,77.865
2011-02-01,77.193
2011-02-02,77.278
2011-02-03,77.867
2011-02-04,78.157
2011-02-07,78.122
2011-02-08,78.094
2011-02-09,77.721
2011-02-10,78.327
2011-02-11,78.565
2011-02-14,78.717
2011-02-15,78.66
2011-02-16,78.277
2011-02-17,78.065
2011-02-18,77.72
2011-02-21,77.745
2011-02-22,77.823
2011-02-23,77.444
2011-02-24,77.096
2011-02-25,77.3
2011-02-28,76.921
2011-03-01,77.083
2011-03-02,76.689
2011-03-03,76.495
2011-03-04,76.416
2011-03-07,76.514
2011-03-08,76.8
2011-03-09,76.719
2011-03-10,77.274
2011-03-11,76.77
2011-03-14,76.462
2011-03-15,76.656
2011-03-16,76.986
2011-03-17,76.34
2011-03-18,75.971
2011-03-21,75.655
2011-03-22,75.673
2011-03-23,76.046
2011-03-24,75.888
2011-03-25,76.485
2011-03-28,76.376
2011-03-29,76.502
2011-03-30,76.357
2011-03-31,76.072
2011-04-01,76.083
2011-04-04,76.159
2011-04-05,76.111
2011-04-06,75.757
2011-04-07,75.81
2011-04-08,75.273
2011-04-11,75.282
2011-04-12,75.065
2011-04-13,75.19
2011-04-14,74.888
2011-04-15,75.028
2011-04-18,75.73
2011-04-19,75.249
2011-04-20,74.567
2011-04-21,74.18
2011-04-22,74.28
2011-04-25,74.181
2011-04-26,74.025
2011-04-27,73.691
2011-04-28,73.311
2011-04-29,73.107
2011-05-02,73.139
2011-05-03,73.315
2011-05-04,73.213
2011-05-05,74.375
2011-05-06,75.08
2011-05-09,74.9
2011-05-10,74.782
2011-05-11,75.517
2011-05-12,75.417
2011-05-13,75.938
2011-05-16,75.651
2011-05-17,75.545
2011-05-18,75.632
2011-05-19,75.277
2011-05-20,75.579
2011-05-23,76.234
2011-05-24,76.023
2011-05-25,76.03
2011-05-26,75.632
2011-05-27,75.018
2011-05-30,75.03
2011-05-31,74.696
2011-06-01,74.731
2011-06-02,74.375
2011-06-03,73.807
2011-06-06,73.999
2011-06-07,73.528
2011-06-08,73.939
2011-06-09,74.201
2011-06-10,74.798
2011-06-13,74.596
2011-06-14,74.692
2011-06-15,76.072
2011-06-16,76.224
2011-06-17,75.461
2011-06-20,75.5
2011-06-21,74.931
2011-06-22,75.188
2011-06-23,75.904
2011-06-24,76.21
2011-06-27,75.828
2011-06-28,75.49
2011-06-29,75.074
2011-06-30,74.635
2011-07-01,74.674
2011-07-04,74.57
2011-07-05,74.985
2011-07-06,75.44
2011-07-07,75.257
2011-07-08,75.514
2011-07-11,76.374
2011-07-12,76.234
2011-07-13,75.547
2011-07-14,75.562
2011-07-15,75.52
2011-07-18,75.793
2011-07-19,75.513
2011-07-20,75.094
2011-07-21,74.231
2011-07-22,74.412
2011-07-25,74.254
2011-07-26,73.629
2011-07-27,74.273
2011-07-28,74.391
2011-07-29,74.036
2011-08-01,74.456
2011-08-02,74.666
2011-08-03,74.199
2011-08-04,75.36
2011-08-05,74.802
2011-08-08,74.938
2011-08-09,74.724
2011-08-10,74.769
2011-08-11,74.81
2011-08-12,74.743
2011-08-15,73.929
2011-08-16,74.093
2011-08-17,73.758
2011-08-18,74.315
2011-08-19,74.106
2011-08-22,74.168
2011-08-23,73.961
2011-08-24,74.087
2011-08-25,74.362
2011-08-26,73.869
2011-08-29,73.777
2011-08-30,73.996
2011-08-31,74.173
2011-09-01,74.557
2011-09-02,74.839
2011-09-05,75.223
2011-09-06,76.057
2011-09-07,75.566
2011-09-08,76.352
2011-09-09,77.3
2011-09-12,77.666
2011-09-13,76.997
2011-09-14,76.875
2011-09-15,76.267
2011-09-16,76.593
2011-09-19,77.435
2011-09-20,77.528
2011-09-21,77.859
2011-09-22,79.1
2011-09-23,79.228
2011-09-26,79.063
2011-09-27,78.028
2011-09-28,78.429
2011-09-29,78.603
2011-09-30,79.075
2011-10-03,79.937
2011-10-04,80.104
2011-10-05,79.385
2011-10-06,79.088
2011-10-07,79.149
2011-10-10,77.811
2011-10-11,77.908
2011-10-12,77.274
2011-10-13,77.284
2011-10-14,76.907
2011-10-17,77.428
2011-10-18,77.412
2011-10-19,77.416
2011-10-20,77.236
2011-10-21,76.628
2011-10-24,76.262
2011-10-25,76.321
2011-10-26,76.473
2011-10-27,75.011
2011-10-28,75.216
2011-10-31,76.306
2011-11-01,77.39
2011-11-02,77.181
2011-11-03,76.856
2011-11-04,77.162
2011-11-07,77.141
2011-11-08,76.751
2011-11-09,78.167
2011-11-10,77.973
2011-11-11,77.131
2011-11-14,77.753
2011-11-15,78.062
2011-11-16,78.206
2011-11-17,78.489
2011-11-18,78.255
2011-11-21,78.463
2011-11-22,78.435
2011-11-23,79.351
2011-11-24,79.351
2011-11-25,79.831
2011-11-28,79.436
2011-11-29,79.151
2011-11-30,78.491
2011-12-01,78.433
2011-12-02,78.731
2011-12-05,78.671
2011-12-06,78.571
2011-12-07,78.552
2011-12-08,78.912
2011-12-09,78.681
2011-12-12,79.58
2011-12-13,80.289
2011-12-14,80.622
2011-12-15,80.341
2011-12-16,80.249
2011-12-19,80.207
2011-12-20,80.273
2011-12-21,80.35
2011-12-22,80.306
2011-12-23,80.236
2011-12-26,80.32
2011-12-27,80.135
2011-12-28,80.883
2011-12-29,80.911
2011-12-30,80.522
2012-01-02,80.58
2012-01-03,79.912
2012-01-04,80.425
2012-01-05,81.25
2012-01-06,81.597
2012-01-09,81.388
2012-01-10,81.101
2012-01-11,81.614
2012-01-12,81.036
2012-01-13,81.791
2012-01-16,81.583
2012-01-17,81.429
2012-01-18,80.822
2012-01-19,80.405
2012-01-20,80.406
2012-01-23,79.934
2012-01-24,80.026
2012-01-25,79.717
2012-01-26,79.513
2012-01-27,79.011
2012-01-30,79.302
2012-01-31,79.417
2012-02-01,79.033
2012-02-02,79.11
2012-02-03,79.057
2012-02-06,79.186
2012-02-07,78.675
2012-02-08,78.734
2012-02-09,78.652
2012-02-10,79.226
2012-02-13,79.045
2012-02-14,79.694
2012-02-15,79.783
2012-02-16,79.455
2012-02-17,79.456
2012-02-20,79.1
2012-02-21,79.136
2012-02-22,79.303
2012-02-23,78.886
2012-02-24,78.401
2012-02-27,78.578
2012-02-28,78.3
2012-02-29,78.794
2012-03-01,78.834
2012-03-02,79.462
2012-03-05,79.365
2012-03-06,79.926
2012-03-07,79.763
2012-03-08,79.179
2012-03-09,80.084
2012-03-12,79.913
2012-03-13,80.21
2012-03-14,80.536
2012-03-15,80.136
2012-03-16,79.734
2012-03-19,79.712
2012-03-20,79.825
2012-03-21,79.896
2012-03-22,79.998
2012-03-23,79.576
2012-03-26,79.179
2012-03-27,79.222
2012-03-28,79.299
2012-03-29,79.357
2012-03-30,79.138
2012-04-02,78.963
2012-04-03,79.641
2012-04-04,79.949
2012-04-05,80.293
2012-04-06,80.093
2012-04-09,79.919
2012-04-10,80.098
2012-04-11,79.993
2012-04-12,79.449
2012-04-13,80.055
2012-04-16,79.732
2012-04-17,79.627
2012-04-18,79.674
2012-04-19,79.707
2012-04-20,79.313
2012-04-23,79.536
2012-04-24,79.326
2012-04-25,79.111
2012-04-26,79.001
2012-04-27,78.757
2012-04-30,78.848
2012-05-01,78.935
2012-05-02,79.201
2012-05-03,79.293
2012-05-04,79.587
2012-05-07,79.715
2012-05-08,79.849
2012-05-09,80.232
2012-05-10,80.257
2012-05-11,80.404
2012-05-14,80.748
2012-05-15,81.38
2012-05-16,81.524
2012-05-17,81.54
2012-05-18,81.424
2012-05-21,81.232
2012-05-22,81.648
2012-05-23,82.235
2012-05-24,82.487
2012-05-25,82.523
2012-05-28,82.523
2012-05-29,82.581
2012-05-30,83.086
2012-05-31,83.129
2012-06-01,82.973
2012-06-04,82.661
2012-06-05,82.913
2012-06-06,82.379
2012-06-07,82.106
2012-06-08,82.562
2012-06-11,82.548
2012-06-12,82.449
2012-06-13,82.057
2012-06-14,81.988
2012-06-15,81.605
2012-06-18,81.854
2012-06-19,81.586
2012-06-20,81.734
2012-06-21,82.488
2012-06-22,82.442
2012-06-25,82.662
2012-06-26,82.539
2012-06-27,82.81
2012-06-28,83.007
2012-06-29,81.753
2012-07-02,82.008
2012-07-03,81.872
2012-07-04,81.872
2012-07-05,82.942
2012-07-06,83.561
2012-07-09,83.351
2012-07-10,83.559
2012-07-11,83.728
2012-07-12,83.809
2012-07-13,83.474
2012-07-16,83.218
2012-07-17,83.168
2012-07-18,83.196
2012-07-19,82.98
2012-07-20,83.573
2012-07-23,83.815
2012-07-24,84.145
2012-07-25,83.641
2012-07-26,82.859
2012-07-27,82.765
2012-07-30,82.868
2012-07-31,82.71
2012-08-01,83.178
2012-08-02,83.451
2012-08-03,82.446
2012-08-06,82.304
2012-08-07,82.25
2012-08-08,82.439
2012-08-09,82.71
2012-08-10,82.631
2012-08-13,82.486
2012-08-14,82.527
2012-08-15,82.711
2012-08-16,82.417
2012-08-17,82.663
2012-08-20,82.5
2012-08-21,81.92
2012-08-22,81.497
2012-08-23,81.359
2012-08-24,81.603
2012-08-27,81.691
2012-08-28,81.381
2012-08-29,81.564
2012-08-30,81.713
2012-08-31,81.216
2012-09-03,81.216
2012-09-04,81.316
2012-09-05,81.235
2012-09-06,81.033
2012-09-07,80.234
2012-09-10,80.343
2012-09-11,79.836
2012-09-12,79.723
2012-09-13,79.237
2012-09-14,78.841
2012-09-17,78.843
2012-09-18,79.346
2012-09-19,79.127
2012-09-20,79.478
2012-09-21,79.398
2012-09-24,79.577
2012-09-25,79.608
2012-09-26,79.948
2012-09-27,79.592
2012-09-28,80.025
2012-10-01,79.909
2012-10-02,79.83
2012-10-03,80.064
2012-10-04,79.44
2012-10-05,79.428
2012-10-08,79.622
2012-10-09,80.069
2012-10-10,80.017
2012-10-11,79.86
2012-10-12,79.74
2012-10-15,79.806
2012-10-16,79.464
2012-10-17,79.059
2012-10-18,79.425
2012-10-19,79.688
2012-10-22,79.736
2012-10-23,80.08
2012-10-24,80.015
2012-10-25,80.118
2012-10-26,80.156
2012-10-29,80.318
2012-10-30,79.987
2012-10-31,79.987
2012-11-01,80.136
2012-11-02,80.683
2012-11-05,80.843
2012-11-06,80.715
2012-11-07,80.867
2012-11-08,80.886
2012-11-09,81.098
2012-11-12,81.106
2012-11-13,81.14
2012-11-14,81.1
2012-11-15,81.138
2012-11-16,81.31
2012-11-19,80.922
2012-11-20,81
2012-11-21,80.966
2012-11-22,80.966
2012-11-23,80.236
2012-11-26,80.266
2012-11-27,80.43
2012-11-28,80.354
2012-11-29,80.209
2012-11-30,80.163
2012-12-03,79.872
2012-12-04,79.634
2012-12-05,79.764
2012-12-06,80.253
2012-12-07,80.402
2012-12-10,80.33
2012-12-11,80.054
2012-12-12,79.81
2012-12-13,79.913
2012-12-14,79.56
2012-12-17,79.513
2012-12-18,79.387
2012-12-19,79.313
2012-12-20,79.31
2012-12-21,79.712
2012-12-24,79.745
2012-12-26,79.704
2012-12-27,79.719
2012-12-28,79.785
2012-12-31,79.871
2013-01-02,79.948
2013-01-03,80.515
2013-01-04,80.61
2013-01-07,80.369
2013-01-08,80.445
2013-01-09,80.677
2013-01-10,79.817
2013-01-11,79.611
2013-01-14,79.54
2013-01-15,79.832
2013-01-16,79.854
2013-01-17,79.711
2013-01-18,80.116
2013-01-21,80.116
2013-01-22,79.973
2013-01-23,79.99
2013-01-24,80.007
2013-01-25,79.82
2013-01-28,79.868
2013-01-29,79.624
2013-01-30,79.326
2013-01-31,79.226
2013-02-01,79.135
2013-02-04,79.573
2013-02-05,79.533
2013-02-06,79.767
2013-02-07,80.257
2013-02-08,80.316
2013-02-11,80.389
2013-02-12,80.163
2013-02-13,80.167
2013-02-14,80.538
2013-02-15,80.576
2013-02-18,80.576
2013-02-19,80.545
2013-02-20,81.155
2013-02-21,81.551
2013-02-22,81.585
2013-02-25,81.777
2013-02-26,81.94
2013-02-27,81.672
2013-02-28,82.003
2013-03-01,82.358
2013-03-04,82.255
2013-03-05,82.147
2013-03-06,82.507
2013-03-07,82.123
2013-03-08,82.731
2013-03-11,82.58
2013-03-12,82.595
2013-03-13,82.902
2013-03-14,82.623
2013-03-15,82.256
2013-03-18,82.574
2013-03-19,83.211
2013-03-20,82.948
2013-03-21,82.905
2013-03-22,82.529
2013-03-25,82.995
2013-03-26,83.048
2013-03-27,83.411
2013-03-28,83.175
2013-04-01,82.899
2013-04-02,83.092
2013-04-03,82.861
2013-04-04,82.795
2013-04-05,82.603
2013-04-08,82.869
2013-04-09,82.414
2013-04-10,82.634
2013-04-11,82.325
2013-04-12,82.406
2013-04-15,82.507
2013-04-16,81.823
2013-04-17,82.791
2013-04-18,82.681
2013-04-19,82.846
2013-04-22,82.824
2013-04-23,83.186
2013-04-24,83.026
2013-04-25,82.84
2013-04-26,82.571
2013-04-29,82.202
2013-04-30,81.807
2013-05-01,81.522
2013-05-02,82.282
2013-05-03,82.195
2013-05-06,82.378
2013-05-07,82.335
2013-05-08,81.951
2013-05-09,82.875
2013-05-10,83.231
2013-05-13,83.365
2013-05-14,83.713
2013-05-15,83.961
2013-05-16,83.722
2013-05-17,84.387
2013-05-20,83.842
2013-05-21,83.955
2013-05-22,84.459
2013-05-23,83.803
2013-05-24,83.758
2013-05-27,83.758
2013-05-28,84.172
2013-05-29,83.705
2013-05-30,83.067
2013-05-31,83.401
2013-06-03,82.688
2013-06-04,82.802
2013-06-05,82.612
2013-06-06,81.537
2013-06-07,81.66
2013-06-10,81.651
2013-06-11,81.11
2013-06-12,80.946
2013-06-13,80.742
2013-06-14,80.65
2013-06-17,80.733
2013-06-18,80.749
2013-06-19,81.595
2013-06-20,82.096
2013-06-21,82.517
2013-06-24,82.633
2013-06-25,82.8
2013-06-26,83.228
2013-06-27,83.152
2013-06-28,83.376
2013-07-01,83.253
2013-07-02,83.764
2013-07-03,83.451
2013-07-04,83.451
2013-07-05,84.689
2013-07-08,84.414
2013-07-09,84.781
2013-07-10,84.234
2013-07-11,82.915
2013-07-12,83.163
2013-07-15,83.196
2013-07-16,82.637
2013-07-17,82.84
2013-07-18,82.955
2013-07-19,82.711
2013-07-22,82.317
2013-07-23,82.04
2013-07-24,82.4
2013-07-25,82.053
2013-07-26,81.764
2013-07-29,81.763
2013-07-30,81.919
2013-07-31,81.539
2013-08-01,82.427
2013-08-02,81.978
2013-08-05,81.936
2013-08-06,81.658
2013-08-07,81.323
2013-08-08,81.027
2013-08-09,81.17
2013-08-12,81.374
2013-08-13,81.815
2013-08-14,81.758
2013-08-15,81.207
2013-08-16,81.293
2013-08-19,81.26
2013-08-20,80.934
2013-08-21,81.223
2013-08-22,81.531
2013-08-23,81.392
2013-08-26,81.441
2013-08-27,81.2
2013-08-28,81.465
2013-08-29,82.003
2013-08-30,82.142
2013-09-02,82.142
2013-09-03,82.401
2013-09-04,82.205
2013-09-05,82.668
2013-09-06,82.167
2013-09-09,81.796
2013-09-10,81.819
2013-09-11,81.522
2013-09-12,81.491
2013-09-13,81.448
2013-09-16,81.072
2013-09-17,81.295
2013-09-18,80.367
2013-09-19,80.48
2013-09-20,80.549
2013-09-23,80.571
2013-09-24,80.69
2013-09-25,80.443
2013-09-26,80.638
2013-09-27,80.377
2013-09-30,80.323
2013-10-01,80.25
2013-10-02,79.989
2013-10-03,79.846
2013-10-04,80.22
2013-10-07,80.026
2013-10-08,80.132
2013-10-09,80.466
2013-10-10,80.517
2013-10-11,80.452
2013-10-14,80.311
2013-10-15,80.561
2013-10-16,80.563
2013-10-17,79.718
2013-10-18,79.727
2013-10-21,79.751
2013-10-22,79.29
2013-10-23,79.329
2013-10-24,79.245
2013-10-25,79.246
2013-10-28,79.306
2013-10-29,79.67
2013-10-30,79.837
2013-10-31,80.263
2013-11-01,80.81
2013-11-04,80.64
2013-11-05,80.787
2013-11-06,80.559
2013-11-07,80.854
2013-11-08,81.387
2013-11-11,81.2
2013-11-12,81.252
2013-11-13,80.983
2013-11-14,81.086
2013-11-15,80.898
2013-11-18,80.826
2013-11-19,80.744
2013-11-20,81.172
2013-11-21,81.117
2013-11-22,80.742
2013-11-25,80.963
2013-11-26,80.638
2013-11-27,80.747
2013-11-28,80.747
2013-11-29,80.657
2013-12-02,80.942
2013-12-03,80.618
2013-12-04,80.628
2013-12-05,80.241
2013-12-06,80.315
2013-12-09,80.14
2013-12-10,79.964
2013-12-11,79.89
2013-12-12,80.208
2013-12-13,80.22
2013-12-16,80.045
2013-12-17,80.214
2013-12-18,80.248
2013-12-19,80.788
2013-12-20,80.75
2013-12-23,80.617
2013-12-24,80.674
2013-12-26,80.653
2013-12-27,80.538
2013-12-30,80.122
2013-12-31,80.189
2014-01-01,80.29
2014-01-02,80.788
2014-01-03,80.955
2014-01-06,80.806
2014-01-07,80.98
2014-01-08,81.162
2014-01-09,81.135
2014-01-10,80.754
2014-01-13,80.611
2014-01-14,80.756
2014-01-15,81.144
2014-01-16,81.021
2014-01-17,81.362
2014-01-20,81.362
2014-01-21,81.226
2014-01-22,81.305
2014-01-23,80.525
2014-01-24,80.541
2014-01-27,80.612
2014-01-28,80.657
2014-01-29,80.581
2014-01-30,81.193
2014-01-31,81.403
2014-02-03,81.11
2014-02-04,81.224
2014-02-05,81.129
2014-02-06,81.002
2014-02-07,80.758
2014-02-10,80.727
2014-02-11,80.704
2014-02-12,80.741
2014-02-13,80.378
2014-02-14,80.179
2014-02-17,80.179
2014-02-18,80.046
2014-02-19,80.186
2014-02-20,80.316
2014-02-21,80.27
2014-02-24,80.225
2014-02-25,80.165
2014-02-26,80.463
2014-02-27,80.306
2014-02-28,79.72
2014-03-03,80.09
2014-03-04,80.183
2014-03-05,80.117
2014-03-06,79.665
2014-03-07,79.722
2014-03-10,79.769
2014-03-11,79.735
2014-03-12,79.612
2014-03-13,79.626
2014-03-14,79.438
2014-03-17,79.311
2014-03-18,79.544
2014-03-19,80.133
2014-03-20,80.353
2014-03-21,80.261
2014-03-24,80.079
2014-03-25,80.088
2014-03-26,80.169
2014-03-27,80.252
2014-03-28,80.335
2014-03-31,80.254
2014-04-01,80.249
2014-04-02,80.372
2014-04-03,80.64
2014-04-04,80.571
2014-04-07,80.355
2014-04-08,79.835
2014-04-09,79.553
2014-04-10,79.45
2014-04-11,79.523
2014-04-14,79.805
2014-04-15,79.888
2014-04-16,79.883
2014-04-17,79.903
2014-04-21,80.03
2014-04-22,79.995
2014-04-23,79.935
2014-04-24,79.877
2014-04-25,79.818
2014-04-28,79.762
2014-04-29,79.881
2014-04-30,79.532
2014-05-01,79.579
2014-05-02,79.563
2014-05-05,79.53
2014-05-06,79.126
2014-05-07,79.243
2014-05-08,79.402
2014-05-09,79.961
2014-05-12,79.965
2014-05-13,80.213
2014-05-14,80.135
2014-05-15,80.064
2014-05-16,80.107
2014-05-19,80.048
2014-05-20,80.093
2014-05-21,80.15
2014-05-22,80.305
2014-05-23,80.45
2014-05-26,80.45
2014-05-27,80.405
2014-05-28,80.62
2014-05-29,80.54
2014-05-30,80.404
2014-06-02,80.69
2014-06-03,80.593
2014-06-04,80.706
2014-06-05,80.403
2014-06-06,80.427
2014-06-09,80.682
2014-06-10,80.846
2014-06-11,80.809
2014-06-12,80.59
2014-06-13,80.656
2014-06-16,80.468
2014-06-17,80.716
2014-06-18,80.67
2014-06-19,80.396
2014-06-20,80.441
2014-06-23,80.338
2014-06-24,80.393
2014-06-25,80.265
2014-06-26,80.279
2014-06-27,80.086
2014-06-30,79.811
2014-07-01,79.845
2014-07-02,79.985
2014-07-03,80.281
2014-07-04,80.281
2014-07-07,80.267
2014-07-08,80.221
2014-07-09,80.042
2014-07-10,80.17
2014-07-11,80.229
2014-07-14,80.23
2014-07-15,80.446
2014-07-16,80.625
2014-07-17,80.57
2014-07-18,80.595
2014-07-21,80.627
2014-07-22,80.865
2014-07-23,80.915
2014-07-24,80.962
2014-07-25,81.125
2014-07-28,81.122
2014-07-29,81.315
2014-07-30,81.516
2014-07-31,81.523
2014-08-01,81.377
2014-08-04,81.405
2014-08-05,81.611
2014-08-06,81.507
2014-08-07,81.605
2014-08-08,81.454
2014-08-11,81.535
2014-08-12,81.555
2014-08-13,81.657
2014-08-14,81.647
2014-08-15,81.469
2014-08-18,81.631
2014-08-19,81.937
2014-08-20,82.28
2014-08-21,82.208
2014-08-22,82.377
2014-08-25,82.593
2014-08-26,82.679
2014-08-27,82.449
2014-08-28,82.516
2014-08-29,82.783
2014-09-01,82.783
2014-09-02,83.01
2014-09-03,82.888
2014-09-04,83.834
2014-09-05,83.757
2014-09-08,84.241
2014-09-09,84.284
2014-09-10,84.293
2014-09-11,84.304
2014-09-12,84.24
2014-09-15,84.25
2014-09-16,84.231
2014-09-17,84.486
2014-09-18,84.43
2014-09-19,84.865
2014-09-22,84.863
2014-09-23,84.779
2014-09-24,85.155
2014-09-25,85.303
2014-09-26,85.767
2014-09-29,85.716
2014-09-30,86.047
2014-10-01,86.076
2014-10-02,85.69
2014-10-03,86.823
2014-10-06,86.044
2014-10-07,85.778
2014-10-08,85.407
2014-10-09,85.655
2014-10-10,86.031
2014-10-13,85.727
2014-10-14,85.941
2014-10-15,85.241
2014-10-16,85.041
2014-10-17,85.213
2014-10-20,85.038
2014-10-21,85.404
2014-10-22,85.854
2014-10-23,85.946
2014-10-24,85.818
2014-10-27,85.561
2014-10-28,85.473
2014-10-29,86.036
2014-10-30,86.232
2014-10-31,87.016
2014-11-03,87.407
2014-11-04,87.092
2014-11-05,87.567
2014-11-06,88.134
2014-11-07,87.726
2014-11-10,87.911
2014-11-11,87.719
2014-11-12,87.906
2014-11-13,87.752
2014-11-14,87.593
2014-11-17,88.01
2014-11-18,87.645
2014-11-19,87.711
2014-11-20,87.667
2014-11-21,88.405
2014-11-24,88.206
2014-11-25,87.962
2014-11-26,87.649
2014-11-27,87.649
2014-11-28,88.413
2014-12-01,87.982
2014-12-02,88.703
2014-12-03,88.993
2014-12-04,88.735
2014-12-05,89.36
2014-12-08,89.047
2014-12-09,88.692
2014-12-10,88.287
2014-12-11,88.682
2014-12-12,88.345
2014-12-15,88.57
2014-12-16,88.297
2014-12-17,89.326
2014-12-18,89.477
2014-12-19,89.841
2014-12-22,89.949
2014-12-23,90.326
2014-12-24,90.223
2014-12-26,90.31
2014-12-29,90.496
2014-12-30,90.279
2014-12-31,90.647
2015-01-02,91.383
2015-01-05,91.622
2015-01-06,91.738
2015-01-07,92.115
2015-01-08,92.602
2015-01-09,92.147
2015-01-12,92.184
2015-01-13,92.502
2015-01-14,92.345
2015-01-15,92.608
2015-01-16,92.89
2015-01-19,92.89
2015-01-20,93.349
2015-01-21,93.14
2015-01-22,94.362
2015-01-23,95.053
2015-01-26,95.115
2015-01-27,94.25
2015-01-28,94.727
2015-01-29,95.011
2015-01-30,94.998
2015-02-02,94.734
2015-02-03,93.724
2015-02-04,94.165
2015-02-05,93.732
2015-02-06,94.851
2015-02-09,94.582
2015-02-10,94.853
2015-02-11,95.09
2015-02-12,94.198
2015-02-13,94.279
2015-02-16,94.279
2015-02-17,94.147
2015-02-18,94.257
2015-02-19,94.492
2015-02-20,94.34
2015-02-23,94.657
2015-02-24,94.561
2015-02-25,94.235
2015-02-26,95.336
2015-02-27,95.321
2015-03-02,95.479
2015-03-03,95.408
2015-03-04,95.986
2015-03-05,96.394
2015-03-06,97.604
2015-03-09,97.58
2015-03-10,98.615
2015-03-11,99.785
2015-03-12,99.411
2015-03-13,100.314
2015-03-16,99.482
2015-03-17,99.949
2015-03-18,98.781
2015-03-19,99.584
2015-03-20,98.171
2015-03-23,97.298
2015-03-24,97.446
2015-03-25,97.197
2015-03-26,97.682
2015-03-27,97.52
2015-03-30,98.281
2015-03-31,98.661
2015-04-01,98.475
2015-04-02,97.673
2015-04-03,96.801
2015-04-06,96.961
2015-04-07,98.056
2015-04-08,98.131
2015-04-09,99.395
2015-04-10,99.596
2015-04-13,99.768
2015-04-14,98.94
2015-04-15,98.525
2015-04-16,97.614
2015-04-17,97.707
2015-04-20,98.16
2015-04-21,98.205
2015-04-22,98.138
2015-04-23,97.454
2015-04-24,97.099
2015-04-27,96.941
2015-04-28,96.194
2015-04-29,95.322
2015-04-30,94.714
2015-05-01,95.445
2015-05-04,95.637
2015-05-05,95.202
2015-05-06,94.175
2015-05-07,94.749
2015-05-08,94.904
2015-05-11,95.1
2015-05-12,94.606
2015-05-13,93.643
2015-05-14,93.505
2015-05-15,93.18
2015-05-18,94.269
2015-05-19,95.363
2015-05-20,95.509
2015-05-21,95.329
2015-05-22,96.11
2015-05-25,96.11
2015-05-26,97.407
2015-05-27,97.474
2015-05-28,97.059
2015-05-29,96.986
2015-06-01,97.473
2015-06-02,95.878
2015-06-03,95.509
2015-06-04,95.493
2015-06-05,96.361
2015-06-08,95.323
2015-06-09,95.172
2015-06-10,94.651
2015-06-11,94.98
2015-06-12,94.987
2015-06-15,95.129
2015-06-16,95.262
2015-06-17,94.49
2015-06-18,94.241
2015-06-19,94.272
2015-06-22,94.515
2015-06-23,95.645
2015-06-24,95.418
2015-06-25,95.387
2015-06-26,95.651
2015-06-29,94.95
2015-06-30,95.661
2015-07-01,96.509
2015-07-02,96.29
2015-07-03,96.29
2015-07-06,96.477
2015-07-07,97.076
2015-07-08,96.472
2015-07-09,96.788
2015-07-10,96.172
2015-07-13,96.998
2015-07-14,96.784
2015-07-15,97.279
2015-07-16,97.806
2015-07-17,97.989
2015-07-20,98.161
2015-07-21,97.426
2015-07-22,97.722
2015-07-23,97.226
2015-07-24,97.346
2015-07-27,96.605
2015-07-28,96.863
2015-07-29,97.077
2015-07-30,97.694
2015-07-31,97.439
2015-08-03,97.616
2015-08-04,98.024
2015-08-05,98.035
2015-08-06,97.906
2015-08-07,97.619
2015-08-10,97.202
2015-08-11,97.335
2015-08-12,96.295
2015-08-13,96.461
2015-08-14,96.533
2015-08-17,96.815
2015-08-18,97.07
2015-08-19,96.368
2015-08-20,96.002
2015-08-21,95.005
2015-08-24,93.356
2015-08-25,94.544
2015-08-26,95.131
2015-08-27,95.652
2015-08-28,96.135
2015-08-31,95.854
2015-09-01,95.446
2015-09-02,95.844
2015-09-03,96.423
2015-09-04,96.24
2015-09-07,96.24
2015-09-08,95.987
2015-09-09,96.01
2015-09-10,95.442
2015-09-11,95.194
2015-09-14,95.364
2015-09-15,95.785
2015-09-16,95.546
2015-09-17,94.677
2015-09-18,94.996
2015-09-21,96.034
2015-09-22,96.446
2015-09-23,96.206
2015-09-24,96.149
2015-09-25,96.434
2015-09-28,96.182
2015-09-29,95.993
2015-09-30,96.48
2015-10-01,96.326
2015-10-02,95.967
2015-10-05,96.24
2015-10-06,95.563
2015-10-07,95.58
2015-10-08,95.407
2015-10-09,94.883
2015-10-12,94.765
2015-10-13,94.79
2015-10-14,93.957
2015-10-15,94.43
2015-10-16,94.588
2015-10-19,94.953
2015-10-20,94.939
2015-10-21,95.068
2015-10-22,96.454
2015-10-23,97.243
2015-10-26,96.955
2015-10-27,96.992
2015-10-28,97.861
2015-10-29,97.364
2015-10-30,97.019
2015-11-02,97.003
2015-11-03,97.243
2015-11-04,98.029
2015-11-05,98.05
2015-11-06,99.26
2015-11-09,99.076
2015-11-10,99.39
2015-11-11,99.158
2015-11-12,98.712
2015-11-13,99.097
2015-11-16,99.538
2015-11-17,99.7
2015-11-18,99.745
2015-11-19,99.064
2015-11-20,99.624
2015-11-23,99.855
2015-11-24,99.59
2015-11-25,99.83
2015-11-26,99.83
2015-11-27,100.073
2015-11-30,100.21
2015-12-01,99.84
2015-12-02,100.02
2015-12-03,97.634
2015-12-04,98.343
2015-12-07,98.669
2015-12-08,98.468
2015-12-09,97.334
2015-12-10,97.96
2015-12-11,97.551
2015-12-14,97.469
2015-12-15,98.288
2015-12-16,97.884
2015-12-17,99.32
2015-12-18,98.731
2015-12-21,98.369
2015-12-22,98.244
2015-12-23,98.367
2015-12-24,98.016
2015-12-28,97.95
2015-12-29,98.173
2015-12-30,98.354
2015-12-31,98.745
2016-01-04,98.968
2016-01-05,99.496
2016-01-06,99.266
2016-01-07,98.272
2016-01-08,98.599
2016-01-11,98.784
2016-01-12,99.024
2016-01-13,98.978
2016-01-14,99.155
2016-01-15,99.02
2016-01-18,99.02
2016-01-19,99.036
2016-01-20,99.174
2016-01-21,99.128
2016-01-22,99.651
2016-01-25,99.406
2016-01-26,99.133
2016-01-27,98.954
2016-01-28,98.539
2016-01-29,99.652
2016-02-01,99.028
2016-02-02,98.893
2016-02-03,97.301
2016-02-04,96.487
2016-02-05,97.054
2016-02-08,96.581
2016-02-09,96.094
2016-02-10,95.936
2016-02-11,95.619
2016-02-12,95.982
2016-02-15,95.982
2016-02-16,96.875
2016-02-17,96.8
2016-02-18,96.96
2016-02-19,96.604
2016-02-22,97.388
2016-02-23,97.485
2016-02-24,97.464
2016-02-25,97.282
2016-02-26,98.175
2016-02-29,98.219
2016-03-01,98.365
2016-03-02,98.225
2016-03-03,97.601
2016-03-04,97.343
2016-03-07,97.084
2016-03-08,97.206
2016-03-09,97.159
2016-03-10,96.055
2016-03-11,96.172
2016-03-14,96.521
2016-03-15,96.668
2016-03-16,95.925
2016-03-17,94.801
2016-03-18,95.12
2016-03-21,95.304
2016-03-22,95.644
2016-03-23,96.064
2016-03-24,96.173
2016-03-28,95.94
2016-03-29,95.146
2016-03-30,94.819
2016-03-31,94.578
2016-04-01,94.618
2016-04-04,94.524
2016-04-05,94.637
2016-04-06,94.441
2016-04-07,94.504
2016-04-08,94.252
2016-04-11,93.942
2016-04-12,93.945
2016-04-13,94.762
2016-04-14,94.908
2016-04-15,94.686
2016-04-18,94.46
2016-04-19,93.947
2016-04-20,94.471
2016-04-21,94.574
2016-04-22,95.08
2016-04-25,94.801
2016-04-26,94.543
2016-04-27,94.367
2016-04-28,93.727
2016-04-29,93.054
2016-05-02,92.618
2016-05-03,92.931
2016-05-04,93.187
2016-05-05,93.78
2016-05-06,93.883
2016-05-09,94.115
2016-05-10,94.267
2016-05-11,93.79
2016-05-12,94.128
2016-05-13,94.593
2016-05-16,94.55
2016-05-17,94.531
2016-05-18,95.063
2016-05-19,95.294
2016-05-20,95.343
2016-05-23,95.216
2016-05-24,95.576
2016-05-25,95.34
2016-05-26,95.162
2016-05-27,95.5
2016-05-30,95.5
2016-05-31,95.878
2016-06-01,95.456
2016-06-02,95.566
2016-06-03,94.028
2016-06-06,93.89
2016-06-07,93.832
2016-06-08,93.58
2016-06-09,93.952
2016-06-10,94.561
2016-06-13,94.399
2016-06-14,95.04
2016-06-15,94.68
2016-06-16,94.706
2016-06-17,94.34
2016-06-20,93.684
2016-06-21,94.061
2016-06-22,93.758
2016-06-23,93.527
2016-06-24,95.574
2016-06-27,96.703
2016-06-28,96.331
2016-06-29,95.807
2016-06-30,96.203
2016-07-01,95.714
2016-07-04,95.714
2016-07-05,96.259
2016-07-06,96.131
2016-07-07,96.383
2016-07-08,96.327
2016-07-11,96.59
2016-07-12,96.487
2016-07-13,96.208
2016-07-14,96.1
2016-07-15,96.563
2016-07-18,96.587
2016-07-19,97.108
2016-07-20,97.263
2016-07-21,97.046
2016-07-22,97.516
2016-07-25,97.326
2016-07-26,97.168
2016-07-27,97.042
2016-07-28,96.721
2016-07-29,95.491
2016-08-01,95.677
2016-08-02,94.988
2016-08-03,95.525
2016-08-04,95.717
2016-08-05,96.136
2016-08-08,96.34
2016-08-09,96.132
2016-08-10,95.608
2016-08-11,95.838
2016-08-12,95.682
2016-08-15,95.594
2016-08-16,94.764
2016-08-17,94.69
2016-08-18,94.137
2016-08-19,94.483
2016-08-22,94.499
2016-08-23,94.494
2016-08-24,94.747
2016-08-25,94.743
2016-08-26,95.542
2016-08-29,95.543
2016-08-30,96.041
2016-08-31,96.012
2016-09-01,95.66
2016-09-02,95.844
2016-09-05,95.844
2016-09-06,94.823
2016-09-07,94.951
2016-09-08,95.051
2016-09-09,95.328
2016-09-12,95.088
2016-09-13,95.645
2016-09-14,95.322
2016-09-15,95.283
2016-09-16,96.105
2016-09-19,95.77
2016-09-20,95.976
2016-09-21,95.665
2016-09-22,95.381
2016-09-23,95.392
2016-09-26,95.21
2016-09-27,95.312
2016-09-28,95.336
2016-09-29,95.472
2016-09-30,95.385
2016-10-03,95.587
2016-10-04,96.125
2016-10-05,96.114
2016-10-06,96.772
2016-10-07,96.654
2016-10-10,96.933
2016-10-11,97.692
2016-10-12,97.962
2016-10-13,97.518
2016-10-14,97.997
2016-10-17,97.878
2016-10-18,97.897
2016-10-19,97.94
2016-10-20,98.314
2016-10-21,98.686
2016-10-24,98.752
2016-10-25,98.682
2016-10-26,98.611
2016-10-27,98.879
2016-10-28,98.342
2016-10-31,98.422
2016-11-01,97.697
2016-11-02,97.414
2016-11-03,97.196
2016-11-04,97.088
2016-11-07,97.793
2016-11-08,97.86
2016-11-09,98.529
2016-11-10,98.774
2016-11-11,99.05
2016-11-14,100.12
2016-11-15,100.25
2016-11-16,100.438
2016-11-17,100.946
2016-11-18,101.283
2016-11-21,101.113
2016-11-22,101.106
2016-11-23,101.759
2016-11-24,101.759
2016-11-25,101.546
2016-11-28,101.368
2016-11-29,100.949
2016-11-30,101.539
2016-12-01,101.099
2016-12-02,100.861
2016-12-05,100.112
2016-12-06,100.53
2016-12-07,100.268
2016-12-08,101.125
2016-12-09,101.62
2016-12-12,101.049
2016-12-13,101.107
2016-12-14,101.77
2016-12-15,103.053
2016-12-16,102.954
2016-12-19,102.9
2016-12-20,103.288
2016-12-21,103.029
2016-12-22,103.096
2016-12-23,103.002
2016-12-27,103.007
2016-12-28,103.244
2016-12-29,102.711
2016-12-30,102.286
2017-01-03,103.201
2017-01-04,102.709
2017-01-05,101.528
2017-01-06,102.209
2017-01-09,101.909
2017-01-10,101.996
2017-01-11,101.747
2017-01-12,101.377
2017-01-13,101.188
2017-01-16,101.188
2017-01-17,100.32
2017-01-18,100.918
2017-01-19,101.144
2017-01-20,100.69
2017-01-23,100.13
2017-01-24,100.339
2017-01-25,100.019
2017-01-26,100.375
2017-01-27,100.526
2017-01-30,100.414
2017-01-31,99.481
2017-02-01,99.608
2017-02-02,99.788
2017-02-03,99.842
2017-02-06,99.865
2017-02-07,100.245
2017-02-08,100.264
2017-02-09,100.647
2017-02-10,100.791
2017-02-13,100.95
2017-02-14,101.233
2017-02-15,101.164
2017-02-16,100.43
2017-02-17,100.951
2017-02-20,100.951
2017-02-21,101.355
2017-02-22,101.194
2017-02-23,101.053
2017-02-24,101.09
2017-02-27,101.129
2017-02-28,101.129
2017-03-01,101.78
2017-03-02,102.204
2017-03-03,101.548
2017-03-06,101.645
2017-03-07,101.805
2017-03-08,102.076
2017-03-09,101.853
2017-03-10,101.247
2017-03-13,101.31
2017-03-14,101.574
2017-03-15,100.575
2017-03-16,100.185
2017-03-17,100.115
2017-03-20,100.234
2017-03-21,99.614
2017-03-22,99.468
2017-03-23,99.563
2017-03-24,99.442
2017-03-27,98.973
2017-03-28,99.549
2017-03-29,99.836
2017-03-30,100.285
2017-03-31,100.218
2017-04-03,100.412
2017-04-04,100.426
2017-04-05,100.441
2017-04-06,100.57
2017-04-07,101.117
2017-04-10,100.952
2017-04-11,100.622
2017-04-12,100.711
2017-04-13,100.463
2017-04-17,100.194
2017-04-18,99.404
2017-04-19,99.638
2017-04-20,99.685
2017-04-21,99.88
2017-04-24,98.973
2017-04-25,98.648
2017-04-26,98.92
2017-04-27,98.955
2017-04-28,98.898
2017-05-01,98.93
2017-05-02,98.829
2017-05-03,99.082
2017-05-04,98.647
2017-05-05,98.528
2017-05-08,98.936
2017-05-09,99.544
2017-05-10,99.559
2017-05-11,99.505
2017-05-12,99.131
2017-05-15,98.801
2017-05-16,97.998
2017-05-17,97.462
2017-05-18,97.772
2017-05-19,97.03
2017-05-22,96.881
2017-05-23,97.264
2017-05-24,97.147
2017-05-25,97.176
2017-05-26,97.364
2017-05-29,97.364
2017-05-30,97.212
2017-05-31,96.854
2017-06-01,97.141
2017-06-02,96.67
2017-06-05,96.754
2017-06-06,96.591
2017-06-07,96.708
2017-06-08,96.898
2017-06-09,97.239
2017-06-12,97.121
2017-06-13,96.942
2017-06-14,96.921
2017-06-15,97.437
2017-06-16,97.146
2017-06-19,97.325
2017-06-20,97.412
2017-06-21,97.216
2017-06-22,97.303
2017-06-23,96.942
2017-06-26,97.116
2017-06-27,96.093
2017-06-28,95.744
2017-06-29,95.366
2017-06-30,95.421
2017-07-03,95.969
2017-07-04,95.969
2017-07-05,96.059
2017-07-06,95.575
2017-07-07,95.792
2017-07-10,95.777
2017-07-11,95.422
2017-07-12,95.512
2017-07-13,95.508
2017-07-14,94.93
2017-07-17,94.904
2017-07-18,94.402
2017-07-19,94.588
2017-07-20,94.117
2017-07-21,93.679
2017-07-24,93.798
2017-07-25,93.888
2017-07-26,93.505
2017-07-27,93.715
2017-07-28,93.114
2017-07-31,92.718
2017-08-01,92.901
2017-08-02,92.699
2017-08-03,92.707
2017-08-04,93.416
2017-08-07,93.309
2017-08-08,93.515
2017-08-09,93.43
2017-08-10,93.304
2017-08-11,92.956
2017-08-14,93.305
2017-08-15,93.756
2017-08-16,93.438
2017-08-17,93.534
2017-08-18,93.359
2017-08-21,93.012
2017-08-22,93.461
2017-08-23,93.07
2017-08-24,93.202
2017-08-25,92.677
2017-08-28,92.14
2017-08-29,92.184
2017-08-30,92.823
2017-08-31,92.628
2017-09-01,92.769
2017-09-04,92.769
2017-09-05,92.226
2017-09-06,92.252
2017-09-07,91.642
2017-09-08,91.326
2017-09-11,91.853
2017-09-12,91.856
2017-09-13,92.508
2017-09-14,92.112
2017-09-15,91.863
2017-09-18,91.853
2017-09-19,91.561
2017-09-20,92.296
2017-09-21,92.049
2017-09-22,91.967
2017-09-25,92.441
2017-09-26,92.781
2017-09-27,93.171
2017-09-28,92.932
2017-09-29,92.883
2017-10-02,93.405
2017-10-03,93.414
2017-10-04,93.284
2017-10-05,93.803
2017-10-06,93.641
2017-10-09,93.505
2017-10-10,93.101
2017-10-11,92.825
2017-10-12,92.898
2017-10-13,92.935
2017-10-16,93.161
2017-10-17,93.35
2017-10-18,93.228
2017-10-19,93.12
2017-10-20,93.579
2017-10-23,93.814
2017-10-24,93.661
2017-10-25,93.577
2017-10-26,94.509
2017-10-27,94.822
2017-10-30,94.454
2017-10-31,94.429
2017-11-01,94.709
2017-11-02,94.588
2017-11-03,94.858
2017-11-06,94.657
2017-11-07,94.8
2017-11-08,94.768
2017-11-09,94.352
2017-11-10,94.278
2017-11-13,94.388
2017-11-14,93.723
2017-11-15,93.726
2017-11-16,93.854
2017-11-17,93.575
2017-11-20,93.997
2017-11-21,93.877
2017-11-22,93.135
2017-11-23,93.135
2017-11-24,92.707
2017-11-27,92.825
2017-11-28,93.213
2017-11-29,93.107
2017-11-30,93.002
2017-12-01,92.841
2017-12-04,93.144
2017-12-05,93.334
2017-12-06,93.582
2017-12-07,93.769
2017-12-08,93.874
2017-12-11,93.843
2017-12-12,94.08
2017-12-13,93.419
2017-12-14,93.479
2017-12-15,93.929
2017-12-18,93.52
2017-12-19,93.027
2017-12-20,92.891
2017-12-21,92.862
2017-12-22,92.924
2017-12-26,92.801
2017-12-27,92.612
2017-12-28,92.3
2017-12-29,91.826
2018-01-02,91.573
2018-01-03,91.896
2018-01-04,91.581
2018-01-05,91.673
2018-01-08,92.1
2018-01-09,92.26
2018-01-10,92.07
2018-01-11,91.608
2018-01-12,90.735
2018-01-15,90.735
2018-01-16,90.146
2018-01-17,90.313
2018-01-18,90.297
2018-01-19,90.37
2018-01-22,90.191
2018-01-23,89.915
2018-01-24,89.011
2018-01-25,89.227
2018-01-26,88.891
2018-01-29,89.131
2018-01-30,88.999
2018-01-31,88.954
2018-02-01,88.505
2018-02-02,89.036
2018-02-05,89.405
2018-02-06,89.451
2018-02-07,90.118
2018-02-08,90.116
2018-02-09,90.334
2018-02-12,90.096
2018-02-13,89.592
2018-02-14,89.005
2018-02-15,88.505
2018-02-16,89.013
2018-02-19,89.013
2018-02-20,89.636
2018-02-21,89.913
2018-02-22,89.656
2018-02-23,89.808
2018-02-26,89.79
2018-02-27,90.28
2018-02-28,90.551
2018-03-01,90.281
2018-03-02,89.906
2018-03-05,90.041
2018-03-06,89.59
2018-03-07,89.607
2018-03-08,90.156
2018-03-09,90.065
2018-03-12,89.867
2018-03-13,89.643
2018-03-14,89.687
2018-03-15,90.126
2018-03-16,90.212
2018-03-19,89.983
2018-03-20,89.954
2018-03-21,89.369
2018-03-22,89.473
2018-03-23,89.033
2018-03-26,88.604
2018-03-27,88.983
2018-03-28,89.719
2018-03-29,89.812
2018-04-02,89.706
2018-04-03,89.859
2018-04-04,89.783
2018-04-05,90.154
2018-04-06,89.782
2018-04-09,89.534
2018-04-10,89.28
2018-04-11,89.253
2018-04-12,89.456
2018-04-13,89.503
2018-04-16,89.135
2018-04-17,89.228
2018-04-18,89.347
2018-04-19,89.695
2018-04-20,90.075
2018-04-23,90.705
2018-04-24,90.537
2018-04-25,90.953
2018-04-26,91.365
2018-04-27,91.343
2018-04-30,91.63
2018-05-01,92.255
2018-05-02,92.339
2018-05-03,92.251
2018-05-04,92.408
2018-05-07,92.592
2018-05-08,92.958
2018-05-09,92.884
2018-05-10,92.516
2018-05-11,92.411
2018-05-14,92.462
2018-05-15,93.093
2018-05-16,93.281
2018-05-17,93.375
2018-05-18,93.544
2018-05-21,93.581
2018-05-22,93.526
2018-05-23,93.918
2018-05-24,93.701
2018-05-25,94.13
2018-05-28,94.13
2018-05-29,94.789
2018-05-30,94.115
2018-05-31,93.959
2018-06-01,94.169
2018-06-04,93.986
2018-06-05,93.871
2018-06-06,93.634
2018-06-07,93.376
2018-06-08,93.537
2018-06-11,93.56
2018-06-12,93.801
2018-06-13,93.699
2018-06-14,94.776
2018-06-15,94.782
2018-06-18,94.858
2018-06-19,94.729
2018-06-20,94.716
2018-06-21,94.404
2018-06-22,94.18
2018-06-25,93.939
2018-06-26,94.346
2018-06-27,94.969
2018-06-28,95.096
2018-06-29,94.349
2018-07-02,94.779
2018-07-03,94.412
2018-07-04,94.412
2018-07-05,94.223
2018-07-06,93.769
2018-07-09,93.807
2018-07-10,93.889
2018-07-11,94.486
2018-07-12,94.564
2018-07-13,94.5
2018-07-16,94.272
2018-07-17,94.704
2018-07-18,94.811
2018-07-19,94.942
2018-07-20,94.226
2018-07-23,94.44
2018-07-24,94.388
2018-07-25,94.129
2018-07-26,94.544
2018-07-27,94.46
2018-07-30,94.111
2018-07-31,94.275
2018-08-01,94.428
2018-08-02,94.987
2018-08-03,94.961
2018-08-06,95.187
2018-08-07,95.046
2018-08-08,94.89
2018-08-09,95.355
2018-08-10,96.218
2018-08-13,96.251
2018-08-14,96.605
2018-08-15,96.577
2018-08-16,96.536
2018-08-17,95.981
2018-08-20,95.789
2018-08-21,95.15
2018-08-22,95.051
2018-08-23,95.583
2018-08-24,95.063
2018-08-27,94.684
2018-08-28,94.635
2018-08-29,94.522
2018-08-30,94.679
2018-08-31,95.083
2018-09-03,95.083
2018-09-04,95.38
2018-09-05,95.124
2018-09-06,94.988
2018-09-07,95.329
2018-09-10,95.11
2018-09-11,95.225
2018-09-12,94.768
2018-09-13,94.517
2018-09-14,94.925
2018-09-17,94.486
2018-09-18,94.227
2018-09-19,94.119
2018-09-20,93.491
2018-09-21,93.798
2018-09-24,93.775
2018-09-25,93.711
2018-09-26,93.773
2018-09-27,94.524
2018-09-28,94.737
2018-10-01,94.929
2018-10-02,95.14
2018-10-03,95.406
2018-10-04,95.412
2018-10-05,95.305
2018-10-08,95.436
2018-10-09,95.346
2018-10-10,95.177
2018-10-11,94.706
2018-10-12,94.911
2018-10-15,94.754
2018-10-16,94.748
2018-10-17,95.297
2018-10-18,95.638
2018-10-19,95.443
2018-10-22,95.749
2018-10-23,95.713
2018-10-24,96.182
2018-10-25,96.455
2018-10-26,96.128
2018-10-29,96.35
2018-10-30,96.791
2018-10-31,96.901
2018-11-01,96.081
2018-11-02,96.343
2018-11-05,96.083
2018-11-06,96.117
2018-11-07,95.807
2018-11-08,96.55
2018-11-09,96.734
2018-11-12,97.382
2018-11-13,97.144
2018-11-14,96.659
2018-11-15,96.791
2018-11-16,96.333
2018-11-19,96.066
2018-11-20,96.716
2018-11-21,96.585
2018-11-22,96.585
2018-11-23,96.825
2018-11-26,96.979
2018-11-27,97.28
2018-11-28,96.681
2018-11-29,96.699
2018-11-30,97.196
2018-12-03,96.969
2018-12-04,96.902
2018-12-05,97.01
2018-12-06,96.764
2018-12-07,96.476
2018-12-10,97.183
2018-12-11,97.358
2018-12-12,97.018
2018-12-13,97.056
2018-12-14,97.43
2018-12-17,97.175
2018-12-18,96.57
2018-12-19,96.484
2018-12-20,95.728
2018-12-21,96.455
2018-12-24,96.007
2018-12-26,96.568
2018-12-27,96.001
2018-12-28,95.965
2018-12-31,95.735
2019-01-02,96.423
2019-01-03,95.878
2019-01-04,95.75
2019-01-07,95.228
2019-01-08,95.479
2019-01-09,94.79
2019-01-10,95.12
2019-01-11,95.266
2019-01-14,95.207
2019-01-15,95.675
2019-01-16,95.677
2019-01-17,95.713
2019-01-18,95.993
2019-01-21,95.993
2019-01-22,95.959
2019-01-23,95.772
2019-01-24,96.297
2019-01-25,95.465
2019-01-28,95.424
2019-01-29,95.516
2019-01-30,95.031
2019-01-31,95.304
2019-02-01,95.3
2019-02-04,95.57
2019-02-05,95.817
2019-02-06,96.152
2019-02-07,96.289
2019-02-08,96.416
2019-02-11,96.857
2019-02-12,96.503
2019-02-13,96.938
2019-02-14,96.805
2019-02-15,96.74
2019-02-18,96.74
2019-02-19,96.349
2019-02-20,96.294
2019-02-21,96.463
2019-02-22,96.367
2019-02-25,96.271
2019-02-26,95.865
2019-02-27,96.038
2019-02-28,96.043
2019-03-01,96.45
2019-03-04,96.61
2019-03-05,96.795
2019-03-06,96.799
2019-03-07,97.628
2019-03-08,97.269
2019-03-11,97.174
2019-03-12,96.899
2019-03-13,96.512
2019-03-14,96.769
2019-03-15,96.59
2019-03-18,96.516
2019-03-19,95.831
2019-03-20,95.201
2019-03-21,95.987
2019-03-22,96.151
2019-03-25,96.068
2019-03-26,96.225
2019-03-27,96.283
2019-03-28,96.764
2019-03-29,96.845
2019-04-01,96.799
2019-04-02,96.923
2019-04-03,96.662
2019-04-04,96.925
2019-04-05,97.002
2019-04-08,96.65
2019-04-09,96.611
2019-04-10,96.558
2019-04-11,96.809
2019-04-12,96.598
2019-04-15,96.556
2019-04-16,96.652
2019-04-17,96.658
2019-04-18,97.151
2019-04-22,96.955
2019-04-23,97.32
2019-04-24,97.855
2019-04-25,97.919
2019-04-26,97.726
2019-04-29,97.581
2019-04-30,97.201
2019-05-01,97.41
2019-05-02,97.586
2019-05-03,97.26
2019-05-06,97.268
2019-05-07,97.399
2019-05-08,97.388
2019-05-09,97.164
2019-05-10,97.125
2019-05-13,97.12
2019-05-14,97.322
2019-05-15,97.376
2019-05-16,97.678
2019-05-17,97.824
2019-05-20,97.764
2019-05-21,97.896
2019-05-22,97.881
2019-05-23,97.723
2019-05-24,97.477
2019-05-27,97.477
2019-05-28,97.842
2019-05-29,98.035
2019-05-30,98.053
2019-05-31,97.666
2019-06-03,97.06
2019-06-04,96.999
2019-06-05,97.251
2019-06-06,96.997
2019-06-07,96.49
2019-06-10,96.711
2019-06-11,96.645
2019-06-12,96.97
2019-06-13,96.999
2019-06-14,97.57
2019-06-17,97.396
2019-06-18,97.153
2019-06-19,96.582
2019-06-20,96.138
2019-06-21,95.718
2019-06-24,95.487
2019-06-25,95.648
2019-06-26,95.728
2019-06-27,95.742
2019-06-28,95.666
2019-07-01,96.409
2019-07-02,96.274
2019-07-03,96.331
2019-07-04,96.331
2019-07-05,96.89
2019-07-08,96.984
2019-07-09,97.095
2019-07-10,96.703
2019-07-11,96.666
2019-07-12,96.424
2019-07-15,96.545
2019-07-16,97.041
2019-07-17,96.853
2019-07-18,96.449
2019-07-19,96.817
2019-07-22,96.94
2019-07-23,97.418
2019-07-24,97.452
2019-07-25,97.552
2019-07-26,97.751
2019-07-29,97.796
2019-07-30,97.809
2019-07-31,98.258
2019-08-01,98.144
2019-08-02,97.852
2019-08-05,97.308
2019-08-06,97.417
2019-08-07,97.345
2019-08-08,97.434
2019-08-09,97.322
2019-08-12,97.198
2019-08-13,97.631
2019-08-14,97.826
2019-08-15,98.005
2019-08-16,98.007
2019-08-19,98.221
2019-08-20,98.063
2019-08-21,98.179
2019-08-22,98.064
2019-08-23,97.53
2019-08-26,97.989
2019-08-27,97.907
2019-08-28,98.12
2019-08-29,98.455
2019-08-30,98.86
2019-09-02,98.86
2019-09-03,98.949
2019-09-04,98.393
2019-09-05,98.382
2019-09-06,98.362
2019-09-09,98.248
2019-09-10,98.307
2019-09-11,98.628
2019-09-12,98.308
2019-09-13,98.255
2019-09-16,98.627
2019-09-17,97.819
2019-09-18,98.134
2019-09-19,97.847
2019-09-20,98.136
2019-09-23,98.221
2019-09-24,97.927
2019-09-25,98.659
2019-09-26,98.765
2019-09-27,98.761
2019-09-30,99.021
2019-10-01,98.777
2019-10-02,98.689
2019-10-03,98.54
2019-10-04,98.488
2019-10-07,98.665
2019-10-08,98.822
2019-10-09,98.815
2019-10-10,98.406
2019-10-11,98.005
2019-10-14,98.17
2019-10-15,98.003
2019-10-16,97.723
2019-10-17,97.335
2019-10-18,97.008
2019-10-21,97.05
2019-10-22,97.256
2019-10-23,97.236
2019-10-24,97.405
2019-10-25,97.599
2019-10-28,97.524
2019-10-29,97.469
2019-10-30,97.439
2019-10-31,97.154
2019-11-01,97.041
2019-11-04,97.366
2019-11-05,97.805
2019-11-06,97.764
2019-11-07,97.989
2019-11-08,98.201
2019-11-11,98.033
2019-11-12,98.151
2019-11-13,98.23
2019-11-14,98.019
2019-11-15,97.871
2019-11-18,97.663
2019-11-19,97.742
2019-11-20,97.814
2019-11-21,97.899
2019-11-22,98.176
2019-11-25,98.238
2019-11-26,98.17
2019-11-27,98.288
2019-11-28,98.288
2019-11-29,98.202
2019-12-02,97.791
2019-12-03,97.681
2019-12-04,97.602
2019-12-05,97.371
2019-12-06,97.661
2019-12-09,97.609
2019-12-10,97.385
2019-12-11,97.056
2019-12-12,97.384
2019-12-13,97.171
2019-12-16,96.965
2019-12-17,96.777
2019-12-18,96.963
2019-12-19,96.955
2019-12-20,97.274
2019-12-23,97.235
2019-12-24,97.251
2019-12-26,97.115
2019-12-27,96.546
2019-12-30,96.407
2019-12-31,96.058
2020-01-02,96.525
2020-01-03,96.521
2020-01-06,96.35
2020-01-07,96.702
2020-01-08,96.996
2020-01-09,97.162
2020-01-10,97.078
2020-01-13,97.06
2020-01-14,97.094
2020-01-15,96.96
2020-01-16,97.062
2020-01-17,97.359
2020-01-20,97.359
2020-01-21,97.294
2020-01-22,97.295
2020-01-23,97.484
2020-01-24,97.65
2020-01-27,97.767
2020-01-28,97.835
2020-01-29,97.819
2020-01-30,97.706
2020-01-31,97.213
2020-02-03,97.625
2020-02-04,97.809
2020-02-05,98.158
2020-02-06,98.381
2020-02-07,98.571
2020-02-10,98.714
2020-02-11,98.594
2020-02-12,98.922
2020-02-13,98.958
2020-02-14,99.003
2020-02-17,99.003
2020-02-18,99.333
2020-02-19,99.597
2020-02-20,99.776
2020-02-21,99.188
2020-02-24,99.284
2020-02-25,98.901
2020-02-26,98.938
2020-02-27,98.461
2020-02-28,98.081
2020-03-02,97.319
2020-03-03,97.122
2020-03-04,97.307
2020-03-05,96.79
2020-03-06,95.934
2020-03-09,94.87
2020-03-10,96.389
2020-03-11,96.492
2020-03-12,97.464
2020-03-13,98.764
2020-03-16,98.24
2020-03-17,99.804
2020-03-18,101.543
2020-03-19,103.605
2020-03-20,103.502
2020-03-23,103.24
2020-03-24,102.247
2020-03-25,100.997
2020-03-26,99.453
2020-03-27,98.537
2020-03-30,99.281
2020-03-31,99.092
2020-04-01,99.753
2020-04-02,100.271
2020-04-03,100.677
2020-04-06,100.755
2020-04-07,99.914
2020-04-08,100.17
2020-04-09,99.504
2020-04-13,99.336
2020-04-14,98.885
2020-04-15,99.486
2020-04-16,100.1
2020-04-17,99.836
2020-04-20,100.058
2020-04-21,100.374
2020-04-22,100.528
2020-04-23,100.535
2020-04-24,100.434
2020-04-27,100.097
2020-04-28,99.934
2020-04-29,99.644
2020-04-30,99.028
2020-05-01,99.1
2020-05-04,99.567
2020-05-05,99.762
2020-05-06,100.136
2020-05-07,99.906
2020-05-08,99.769
2020-05-11,100.27
2020-05-12,99.956
2020-05-13,100.291
2020-05-14,100.507
2020-05-15,100.434
2020-05-18,99.681
2020-05-19,99.366
2020-05-20,99.135
2020-05-21,99.403
2020-05-22,99.888
2020-05-25,99.888
2020-05-26,98.906
2020-05-27,99.058
2020-05-28,98.372
2020-05-29,98.341
2020-06-01,97.82
2020-06-02,97.659
2020-06-03,97.259
2020-06-04,96.657
2020-06-05,96.922
2020-06-08,96.608
2020-06-09,96.321
2020-06-10,95.95
2020-06-11,96.739
2020-06-12,97.305
2020-06-15,96.978
2020-06-16,96.933
2020-06-17,97.144
2020-06-18,97.4
2020-06-19,97.577
2020-06-22,96.985
2020-06-23,96.608
2020-06-24,97.129
2020-06-25,97.388
2020-06-26,97.404
2020-06-29,97.501
2020-06-30,97.349
2020-07-01,97.155
2020-07-02,97.301
2020-07-03,97.175
